Workbook

Sheet WCAG_BDD
A1: Tests | B1: Thématique | C1: Num them | D1: Critere | E1: Nom Critère | F1: Methodologie | G1: Thématique (URL) | H1: Critère (URL) | I1: Test (URL) | J1: Handicap concerné | K1: Resultat Obtenu | L1: Severité | M1: Solution | N1: Reference | O1: Principles ID | P1: Principles | Q1: Level | R1: Complement
A2: G94 | B2: Text Alternatives | C2: 1.1 | D2: 1.1.1 | E2: Non-text Content | F2: Providing short text alternative for non-text content that serves the same purpose and presents the same information as the non-text content Procedure 1. Remove, hide, or mask the non-text content 2. Replace it with the text alternative 3. Check that nothing is lost (the purpose of the non-text content is met by the text alternative) 4. If the non-text content contains words that are important to understanding the content, the words are included in the text alternative Expected Results - Check #3 is true. If the non-text content contains words that are important to understanding the content, check #4 is also true | G2: https://www.w3.org/WAI/WCAG22/quickref/?versions=2.1&showtechniques=121%2C122%2C111#text-alternatives | H2: https://www.w3.org/WAI/WCAG22/quickref/?versions=2.1&showtechniques=121%2C122%2C111#non-text-content | I2: https://www.w3.org/WAI/WCAG22/Techniques/general/G94 | O2: =IFERROR(VALUE(LEFT(D2,FIND(".",D2)-1)),"") -> 1 | P2: =IFERROR(VLOOKUP(O2,Principles!$B$4:$C$7,2,FALSE()),"") -> Perceivable | Q2: =IFERROR(VLOOKUP(D2,Principles!$B$12:$D$66,3,FALSE()),"") -> A | R2: All non-text content that is presented to the user has a text alternative that serves the equivalent purpose
A3: G95 | B3: Text Alternatives | C3: 1.1 | D3: 1.1.1 | E3: Non-text Content | F3: Providing short text alternatives that provide a brief description of the non-text content Procedure 1. Check for the presence of a short text alternative that provides a brief description of the non-text content. Expected Results - Check #1 is true. | G3: https://www.w3.org/WAI/WCAG22/quickref/?versions=2.1&showtechniques=121%2C122%2C111#text-alternatives | H3: https://www.w3.org/WAI/WCAG22/quickref/?versions=2.1&showtechniques=121%2C122%2C111#non-text-content | I3: https://www.w3.org/WAI/WCAG22/Techniques/general/G95 | O3: =IFERROR(VALUE(LEFT(D3,FIND(".",D3)-1)),"") -> 1 | P3: =IFERROR(VLOOKUP(O3,Principles!$B$4:$C$7,2,FALSE()),"") -> Perceivable | Q3: =IFERROR(VLOOKUP(D3,Principles!$B$12:$D$66,3,FALSE()),"") -> A | R3: All non-text content that is presented to the user has a text alternative that serves the equivalent purpose
A4: G82 | B4: Text Alternatives | C4: 1.1 | D4: 1.1.1 | E4: Non-text Content | F4: Providing a text alternative that identifies the purpose of interactive non-text content Procedure 1. Remove, hide, or mask the non-text content. 2. Replace it with the text alternative. 3. Check that the purpose of the non-text content is clear - even if function is lost. Expected Results - #3 is true. | G4: https://www.w3.org/WAI/WCAG22/quickref/?versions=2.1&showtechniques=121%2C122%2C111#text-alternatives | H4: https://www.w3.org/WAI/WCAG22/quickref/?versions=2.1&showtechniques=121%2C122%2C111#non-text-content | I4: https://www.w3.org/WAI/WCAG22/Techniques/general/G82 | O4: =IFERROR(VALUE(LEFT(D4,FIND(".",D4)-1)),"") -> 1 | P4: =IFERROR(VLOOKUP(O4,Principles!$B$4:$C$7,2,FALSE()),"") -> Perceivable | Q4: =IFERROR(VLOOKUP(D4,Principles!$B$12:$D$66,3,FALSE()),"") -> A | R4: All non-text content that is presented to the user has a text alternative that serves the equivalent purpose
A5: G68 | B5: Text Alternatives | C5: 1.1 | D5: 1.1.1 | E5: Non-text Content | F5: Providing a short text alternative that describes the purpose of live audio-only and live video-only content Procedure 1. Remove, hide, or mask the non-text content. 2. Display the short text alternative(s). 3. Check that the purpose of the non-text content is clear, even if content is lost. Expected Results - #3 is true. | G5: https://www.w3.org/WAI/WCAG22/quickref/?versions=2.1&showtechniques=121%2C122%2C111#text-alternatives | H5: https://www.w3.org/WAI/WCAG22/quickref/?versions=2.1&showtechniques=121%2C122%2C111#non-text-content | I5: https://www.w3.org/WAI/WCAG22/Techniques/general/G68 | O5: =IFERROR(VALUE(LEFT(D5,FIND(".",D5)-1)),"") -> 1 | P5: =IFERROR(VLOOKUP(O5,Principles!$B$4:$C$7,2,FALSE()),"") -> Perceivable | Q5: =IFERROR(VLOOKUP(D5,Principles!$B$12:$D$66,3,FALSE()),"") -> A | R5: All non-text content that is presented to the user has a text alternative that serves the equivalent purpose
A6: G100 | B6: Text Alternatives | C6: 1.1 | D6: 1.1.1 | E6: Non-text Content | F6: Providing a short text alternative which is the accepted name or a descriptive name of the non-text content Procedure 1. Check that short text alternative provides a descriptive name. 2. Check that short text alternative provides a name that has be previously been given to the non-text content by the author or another. Expected Results - #1 or #2 is true | G6: https://www.w3.org/WAI/WCAG22/quickref/?versions=2.1&showtechniques=121%2C122%2C111#text-alternatives | H6: https://www.w3.org/WAI/WCAG22/quickref/?versions=2.1&showtechniques=121%2C122%2C111#non-text-content | I6: https://www.w3.org/WAI/WCAG22/Techniques/general/G100 | O6: =IFERROR(VALUE(LEFT(D6,FIND(".",D6)-1)),"") -> 1 | P6: =IFERROR(VLOOKUP(O6,Principles!$B$4:$C$7,2,FALSE()),"") -> Perceivable | Q6: =IFERROR(VLOOKUP(D6,Principles!$B$12:$D$66,3,FALSE()),"") -> A | R6: All non-text content that is presented to the user has a text alternative that serves the equivalent purpose
A7: G143 | B7: Text Alternatives | C7: 1.1 | D7: 1.1.1 | E7: Non-text Content | F7: Providing a text alternative that describes the purpose of the CAPTCHA Procedure 1. Remove, hide, or mask the CAPTCHA. 2. Replace it with the text alternative. 3. Check that the text alternative describes the purpose of the CAPTCHA. Expected Results - Check #3 is true. | G7: https://www.w3.org/WAI/WCAG22/quickref/?versions=2.1&showtechniques=121%2C122%2C111#text-alternatives | H7: https://www.w3.org/WAI/WCAG22/quickref/?versions=2.1&showtechniques=121%2C122%2C111#non-text-content | I7: https://www.w3.org/WAI/WCAG22/Techniques/general/G143 | O7: =IFERROR(VALUE(LEFT(D7,FIND(".",D7)-1)),"") -> 1 | P7: =IFERROR(VLOOKUP(O7,Principles!$B$4:$C$7,2,FALSE()),"") -> Perceivable | Q7: =IFERROR(VLOOKUP(D7,Principles!$B$12:$D$66,3,FALSE()),"") -> A | R7: All non-text content that is presented to the user has a text alternative that serves the equivalent purpose
A8: G144 | B8: Text Alternatives | C8: 1.1 | D8: 1.1.1 | E8: Non-text Content | F8: Ensuring that the web page contains another CAPTCHA serving the same purpose using a different modality Procedure For each CAPTCHA in a web page 1. Check that the web page contains another CAPTCHA for the same purpose but using a different modality. Expected Results - Check #1 is true. | G8: https://www.w3.org/WAI/WCAG22/quickref/?versions=2.1&showtechniques=121%2C122%2C111#text-alternatives | H8: https://www.w3.org/WAI/WCAG22/quickref/?versions=2.1&showtechniques=121%2C122%2C111#non-text-content | I8: https://www.w3.org/WAI/WCAG22/Techniques/general/G144 | O8: =IFERROR(VALUE(LEFT(D8,FIND(".",D8)-1)),"") -> 1 | P8: =IFERROR(VLOOKUP(O8,Principles!$B$4:$C$7,2,FALSE()),"") -> Perceivable | Q8: =IFERROR(VLOOKUP(D8,Principles!$B$12:$D$66,3,FALSE()),"") -> A | R8: All non-text content that is presented to the user has a text alternative that serves the equivalent purpose
A9: G196 | B9: Text Alternatives | C9: 1.1 | D9: 1.1.1 | E9: Non-text Content | F9: Using a text alternative on one item within a group of images that describes all items in the group Procedure 1. Check that one item in the group includes a text alternative that serves the equivalent purpose for the entire group. 2. Check that the other items in the group are marked in a way that can be ignored by assistive technologies. 3. Check that the items marked in a way that can be ignored by assistive technologies are adjacent to the item that contains the text alternative for the group. Expected Results - All of the above checks are true. | G9: https://www.w3.org/WAI/WCAG22/quickref/?versions=2.1&showtechniques=121%2C122%2C111#text-alternatives | H9: https://www.w3.org/WAI/WCAG22/quickref/?versions=2.1&showtechniques=121%2C122%2C111#non-text-content | I9: https://www.w3.org/WAI/WCAG22/Techniques/general/G196 | O9: =IFERROR(VALUE(LEFT(D9,FIND(".",D9)-1)),"") -> 1 | P9: =IFERROR(VLOOKUP(O9,Principles!$B$4:$C$7,2,FALSE()),"") -> Perceivable | Q9: =IFERROR(VLOOKUP(D9,Principles!$B$12:$D$66,3,FALSE()),"") -> A | R9: All non-text content that is presented to the user has a text alternative that serves the equivalent purpose
A10: G73 | B10: Text Alternatives | C10: 1.1 | D10: 1.1.1 | E10: Non-text Content | F10: Providing a long description in another location with a link to it that is immediately adjacent to the non-text content Procedure 1. check for the presence of a link immediately before or after the non-text content 2. check that the link is a valid link that points directly to the long description of this particular non-text content. 3. check that the long description conveys the same information as the non-text content 4. check for the availability of a link or back function to get the user back to the original location of the non-text content Expected Results All 4 of the above are true | G10: https://www.w3.org/WAI/WCAG22/quickref/?versions=2.1&showtechniques=121%2C122%2C111#text-alternatives | H10: https://www.w3.org/WAI/WCAG22/quickref/?versions=2.1&showtechniques=121%2C122%2C111#non-text-content | I10: https://www.w3.org/WAI/WCAG22/Techniques/general/G73 | O10: =IFERROR(VALUE(LEFT(D10,FIND(".",D10)-1)),"") -> 1 | P10: =IFERROR(VLOOKUP(O10,Principles!$B$4:$C$7,2,FALSE()),"") -> Perceivable | Q10: =IFERROR(VLOOKUP(D10,Principles!$B$12:$D$66,3,FALSE()),"") -> A | R10: All non-text content that is presented to the user has a text alternative that serves the equivalent purpose
A11: G74 | B11: Text Alternatives | C11: 1.1 | D11: 1.1.1 | E11: Non-text Content | F11: Providing a long description in text near the non-text content, with a reference to the location of the long description in the short description Procedure 1. check that the short text alternative includes the location of the long description 2. Check that the long description is near the non-text content both visually and in the linear reading order 3. check that the long description conveys the same information as the non-text content Expected Results All 3 of the above are true | G11: https://www.w3.org/WAI/WCAG22/quickref/?versions=2.1&showtechniques=121%2C122%2C111#text-alternatives | H11: https://www.w3.org/WAI/WCAG22/quickref/?versions=2.1&showtechniques=121%2C122%2C111#non-text-content | I11: https://www.w3.org/WAI/WCAG22/Techniques/general/G74 | O11: =IFERROR(VALUE(LEFT(D11,FIND(".",D11)-1)),"") -> 1 | P11: =IFERROR(VLOOKUP(O11,Principles!$B$4:$C$7,2,FALSE()),"") -> Perceivable | Q11: =IFERROR(VLOOKUP(D11,Principles!$B$12:$D$66,3,FALSE()),"") -> A | R11: All non-text content that is presented to the user has a text alternative that serves the equivalent purpose
A12: G92 | B12: Text Alternatives | C12: 1.1 | D12: 1.1.1 | E12: Non-text Content | F12: Providing long description for non-text content that serves the same purpose and presents the same information Procedure 1. Remove, hide, or mask the non-text content 2. Display the long description 3. Check that the long description conveys the same information conveyed by the non-text content. Expected Results - #3 is true. | G12: https://www.w3.org/WAI/WCAG22/quickref/?versions=2.1&showtechniques=121%2C122%2C111#text-alternatives | H12: https://www.w3.org/WAI/WCAG22/quickref/?versions=2.1&showtechniques=121%2C122%2C111#non-text-content | I12: https://www.w3.org/WAI/WCAG22/Techniques/general/G92 | O12: =IFERROR(VALUE(LEFT(D12,FIND(".",D12)-1)),"") -> 1 | P12: =IFERROR(VLOOKUP(O12,Principles!$B$4:$C$7,2,FALSE()),"") -> Perceivable | Q12: =IFERROR(VLOOKUP(D12,Principles!$B$12:$D$66,3,FALSE()),"") -> A | R12: All non-text content that is presented to the user has a text alternative that serves the equivalent purpose
A13: ARIA6 | B13: Text Alternatives | C13: 1.1 | D13: 1.1.1 | E13: Non-text Content | F13: Using aria-label to provide labels for objects Procedure For each element where a `aria-label` attribute is present. 1. Examine whether the text description accurately labels the object or provides a description of its purpose or provides equivalent information. Expected Results - #1 is true. | G13: https://www.w3.org/WAI/WCAG22/quickref/?versions=2.1&showtechniques=121%2C122%2C111#text-alternatives | H13: https://www.w3.org/WAI/WCAG22/quickref/?versions=2.1&showtechniques=121%2C122%2C111#non-text-content | I13: https://www.w3.org/WAI/WCAG22/Techniques/aria/ARIA6 | O13: =IFERROR(VALUE(LEFT(D13,FIND(".",D13)-1)),"") -> 1 | P13: =IFERROR(VLOOKUP(O13,Principles!$B$4:$C$7,2,FALSE()),"") -> Perceivable | Q13: =IFERROR(VLOOKUP(D13,Principles!$B$12:$D$66,3,FALSE()),"") -> A | R13: All non-text content that is presented to the user has a text alternative that serves the equivalent purpose
... A406: F103 | B406: Compatible | C406: 4.1 | D406: 4.1.3 | E406: Status Messages | F406: Failure of Success Criterion 4.1.3 due to providing status messages that cannot be programmatically determined through role or properties Procedure For content that is dynamically added to the page: 1. Check that the element containing the updated content does not take focus 2. Check that the new content provides information to the user on one of the following: * the success or result of an action * the waiting state of an application * the progress of a process * the existence of errors 3. Check that the element containing the new content does not have a pre-existing aria role of `status`, `alert`, or `log`, or an `aria-live` attribute 4. Check that the status message is not surfaced (i.e., announced) by assistive technology | G406: https://www.w3.org/WAI/WCAG22/quickref/?showtechniques=121#compatible | H406: https://www.w3.org/WAI/WCAG22/quickref/?showtechniques=121#status-messages | I406: https://www.w3.org/WAI/WCAG22/Techniques/failures/F103 | O406: =IFERROR(VALUE(LEFT(D406,FIND(".",D406)-1)),"") -> 4 | P406: =IFERROR(VLOOKUP(O406,Principles!$B$4:$C$7,2,FALSE()),"") -> Robust | Q406: =IFERROR(VLOOKUP(D406,Principles!$B$12:$D$66,3,FALSE()),"") -> AA | R406: In content implemented using markup languages, status messages can be programmatically determined through role or properties such that they can be presented to the user by assistive technologies without receiving focus.

Sheet Principles
B3: Number | C3: Principles | G3: ID | H3: Guideline Name | I3: Principle
B4: 1 | C4: Perceivable | G4: 1.1 | H4: Text Alternatives | I4: Perceivable
B5: 2 | C5: Operable | G5: 1.2 | H5: Time-based Media | I5: Perceivable
B6: 3 | C6: Understandable | G6: 1.3 | H6: Adaptable | I6: Perceivable
B7: 4 | C7: Robust | G7: 1.4 | H7: Distinguishable | I7: Perceivable
G8: 2.1 | H8: Keyboard Accessible | I8: Operable
G9: 2.2 | H9: Enough Time | I9: Operable
G10: 2.3 | H10: Seizures and Physical Reactions | I10: Operable
B11: ID | C11: Success Criteria Name | D11: Level | G11: 2.4 | H11: Navigable | I11: Operable
B12: 1.1.1 | C12: Non-text Content | D12: A | G12: 2.5 | H12: Input Modalities | I12: Operable
B13: 1.2.1 | C13: Audio-only and Video-only (Prerecorded) | D13: A | G13: 3.1 | H13: Readable | I13: Understandable
B14: 1.2.2 | C14: Captions (Prerecorded) | D14: A | G14: 3.2 | H14: Predictable | I14: Understandable
B15: 1.2.3 | C15: Audio Description or Media Alternative (Prerecorded) | D15: A | G15: 3.3 | H15: Input Assistance | I15: Understandable
B16: 1.2.4 | C16: Captions (Live) | D16: AA | G16: 4.1 | H16: Compatible | I16: Robust
B17: 1.2.5 | C17: Audio Description (Prerecorded) | D17: AA
B18: 1.3.1 | C18: Info and Relationships | D18: A
B19: 1.3.2 | C19: Meaningful Sequence | D19: A
B20: 1.3.3 | C20: Sensory Characteristics | D20: A
B21: 1.3.4 | C21: Orientation | D21: AA
B22: 1.3.5 | C22: Identify Input Purpose | D22: AA
B23: 1.4.1 | C23: Use of Color | D23: A
B24: 1.4.2 | C24: Audio Control | D24: A
B25: 1.4.3 | C25: Contrast (Minimum) | D25: AA
B26: 1.4.4 | C26: Resize Text | D26: AA
B27: 1.4.5 | C27: Images of Text | D27: AA
B28: 1.4.10 | C28: Reflow | D28: AA
... B66: 4.1.3 | C66: Status Messages | D66: AA

Sheet non-conformity
A1: Numéro des critères | B1: Contenus non-conforme en français
A2: 1.1 | B2: Certaines images informatives n'ont pas d'alternative textuelle. | D2: NOT U
A3: 1.2 | B3: Certaines images décoratives ne sont pas ignorées par un lecteur d'écran.
A4: 1.3 | B4: Les alternatives textuelles de certaines images informatives ne sont pas pertinentes.
A5: 1.4 | B5: Les alternatives textuelles de CAPTCHA ne permettent pas d’en comprendre la nature ou la fonction.
A6: 1.5 | B6: Aucune solution alternative au CAPTCHA n'est proposée.
A7: 1.6 | B7: Certaines images complexes n'offrent pas de description détaillée.
A8: 1.7 | B8: Certaines descriptions détaillées d'images complexes ne sont pas pertinentes.
A9: 1.8 | B9: Du texte est parfois fourni sous forme d’image sans solution CSS de remplacement.
A10: 1.9 | B10: Les légendes de certaines images ne sont pas correctement associées à l’image (élément <figure>).
A11: 2.1 | B11: Certaines cadres (frame, iframe) n'ont pas de titre.
A12: 2.2 | B12: Les titres de certains cadres sont présents mais non pertinents.
A13: 3.1 | B13: Certaines informations sont données par la couleur uniquement.
A14: 3.2 | B14: Certains textes offrent des contrastes insuffisants avec leur fond.
... A107: 13.12 | B107: Une fonctionnalité impliquant un mouvement de l'appareil n'a pas d'alternative.
